ISIN;Trading Symbol;Company;Sector;Subsector;Country;Instrument Exchange
DE0005545503;1U1;1&1 AG ;Telecommunication;Wireless Communication;Germany;XETRA + FRANKFURT 
DE0005118806;TGT;11 88 0 SOLUTIONS AG;Telecommunication;Telecommunication Services;Germany;XETRA + FRANKFURT 
DE0005167902;UUU;3U HOLDING AG;Industrial;Industrial Products & Services;Germany;XETRA + FRANKFURT 
DE000A3E5C40;VSC;4SC AG;Pharma & Healthcare;Biotechnology;Germany;XETRA + FRANKFURT 
DE0005408116;ARL;AAREAL BANK AG;Banks;Mortgage Banks;Germany;XETRA + FRANKFURT 
DE000A3CNK42;YOU;ABOUT YOU Holding SE;Retail;Retail, Internet ;Germany;XETRA + FRANKFURT 
DE000A0KFKB3;A4Y;ACCENTRO REAL ESTATE AG  O.N.;Financial Services;Real Estate;Germany;XETRA + FRANKFURT 
NL0000238145;APM;AD PEPPER MEDIA   EO 0,05;Media;Advertising;Netherlands;XETRA + FRANKFURT 
DE000A0Z23Q5;ADN1;ADESSO SE  INH O.N.;Software;IT-Services;Germany;XETRA + FRANKFURT 
DE000A1EWWW0;ADS;ADIDAS AG NA O.N.;Consumer;Clothing & Footwear;Germany;XETRA + FRANKFURT 
LU1250154413;ADJ;ADLER GROUP S.A.;Financial Services;Real Estate;Luxembourg;XETRA + FRANKFURT 
DE0005008007;ADL;ADLER REAL ESTATE AG;Financial Services;Real Estate;Germany;XETRA + FRANKFURT 
DE0005103006;ADV;ADVA OPTICAL NETWORKING SE  O.N.;Technology;Communications Technology;Germany;XETRA + FRANKFURT 
NL0000235190;AIR;AIRBUS;Industrial ;Heavy Machinery;Netherlands;XETRA + FRANKFURT 
DE000A0WMPJ6;AIXA;AIXTRON SE NA O.N.;Technology;Semiconductors;Germany;XETRA + FRANKFURT 
DE0005110001;A1OS;ALL FOR ONE GROUP NA O.N.;Software;IT-Services;Germany;XETRA + FRANKFURT 
DE000A0DPRE6;LNSX;Allane SE;Financial Services;Diversified Financial;Germany;XETRA + FRANKFURT 
DE0008404005;ALV;ALLIANZ SE NA O.N.;Insurance;Insurance;Germany;XETRA + FRANKFURT 
BG1100003166�;A4L;ALLTERCO JSCo,;Technology;Communications Technology;Bulgaria;FRANKFURT
DE000A0LD2U1;AOX;ALSTRIA OFFICE REIT-AG;Financial Services;Real Estate;Germany;XETRA + FRANKFURT 
DE000A2YNT30;ACT;ALZCHEM GROUP AG INH O.N.;Chemicals;Chemicals, Specialty;Germany;XETRA + FRANKFURT 
DE0005093108;AAD;AMADEUS FIRE AG;Industrial;Industrial Products & Services;Germany;XETRA + FRANKFURT 
LU1673108939;AT1;AROUNDTOWN EO-,01;Financial Services;Real Estate;Cyprus;XETRA + FRANKFURT 
DE000A1K0375;ART;ARTNET AG NA O.N.;Retail ;Retail, Internet ;Germany;XETRA + FRANKFURT 
DE0005104400;AOF;ATOSS SOFTWARE AG;Software;Software;Germany;XETRA + FRANKFURT 
DE000A2DAM03;AAG;AUMANN AG  INH O.N.;Industrial;Industrial Machinery;Germany;XETRA + FRANKFURT 
DE0006766504;NDA;AURUBIS AG;Basic Resources;Steel & Other Metals;Germany;XETRA + FRANKFURT 
DE000A2LQ884;AG1;AUTO1 GROUP SE;Retail;Retail, Internet;Germany;XETRA + FRANKFURT 
DE000BASF111;BAS;BASF SE NA O.N.;Chemicals;Chemicals, Specialty;Germany;XETRA + FRANKFURT 
DE0005102008;BSL;BASLER AG O.N.;Industrial;Advanced Industrial Equipment;Germany;XETRA + FRANKFURT 
DE000A1X3YY0;BST;BASTEI LUEBBE AG  O.N.;Media;Publishing & Printing;Germany;XETRA + FRANKFURT 
DE0005168108;B5A;BAUER AG;Construction;Construction & Engineering;Germany;XETRA + FRANKFURT 
DE0005190037;BMW3;BAY.MOTOREN WERKE  VZO;Automobile;Automobile Manufacturers;Germany;XETRA + FRANKFURT 
DE0005190003;BMW;BAY.MOTOREN WERKE AG ST;Automobile;Automobile Manufacturers;Germany;XETRA + FRANKFURT 
DE000BAY0017;BAYN;BAYER AG NA O.N.;Chemicals;Chemicals, Specialty;Germany;XETRA + FRANKFURT 
DE0005194005;BYW;BAYWA AG   NA O.N.;Industrial ;Industrial Products & Services ;Germany;XETRA + FRANKFURT 
DE0005194062;BYW6;BAYWA AG VINK.NA. O.N.;Industrial ;Industrial Products & Services ;Germany;XETRA + FRANKFURT 
CH0038389992;BBZA;BB BIOTECH NAM.   SF 0,20;Pharma & Healthcare;Biotechnology;Switzerland;XETRA + FRANKFURT 
DE0005158703;BC8;BECHTLE AG O.N.;Software;IT-Services;Germany;XETRA + FRANKFURT 
LU1704650164;BFSA;BEFESA S.A. ORD. O.N.;Industrial;Industrial Products & Services;Luxembourg;XETRA + FRANKFURT 
DE0005200000;BEI;BEIERSDORF AG O.N.;Consumer;Personal Products;Germany;XETRA + FRANKFURT 
DE0005232805;BDT;BERTRANDT AG O.N.;Automobile;Auto Parts & Equipment;Germany;XETRA + FRANKFURT 
DE000A0DNAY5;ACX;BET-AT-HOME.COM AG O.N.;Retail;Retail, Internet;Germany;XETRA + FRANKFURT 
DE000A3CQ7F4;BIKE;BIKE24 HOLDING AG;Retail;Retail, Internet ;Germany;XETRA + FRANKFURT 
DE0005909006;GBF;BILFINGER SE O.N.;Industrial ;Industrial Products & Services ;Germany;XETRA + FRANKFURT 
DE0006046113;B8F;BIOFRONTERA AG NA O.N.;Pharma & Healthcare;Biotechnology;Germany;XETRA + FRANKFURT 
DE0005227201;BIO;BIOTEST AG ST O.N.;Pharma & Healthcare;Pharmatceuticals;Germany;XETRA + FRANKFURT 
DE0005227235;BIO3;BIOTEST AG VZ O.N.;Pharma & Healthcare;Pharmatceuticals;Germany;XETRA + FRANKFURT 
DE0005493092;BVB;BORUSSIA DORTMUND;Media;Movies & Entertainment;Germany;XETRA + FRANKFURT 
DE0005203947;BNN;BRAIN BIOTECH AG;Chemicals;Chemicals, Specialty;Germany;XETRA + FRANKFURT 
DE000A1DAHH0;BNR;BRENNTAG SE;Industrial;Industrial Products & Services;Germany;XETRA + FRANKFURT 
DE000A2GSU42;BKHT;BROCKHAUS TECHNOLOGIES AG;Technology;Information Technology;Germany;XETRA + FRANKFURT 
DE0005419105;COK;CANCOM SE O.N.;Software;IT-Services;Germany;XETRA + FRANKFURT 
DE000A2G9M17;CPX;CAPSENSIXX AG  INH O.N.;Financial Services;Diversified Financial;Germany;XETRA + FRANKFURT 
DE0005313704;AFX;CARL ZEISS MEDITEC AG;Pharma & Healthcare;Medical Technology;Germany;XETRA + FRANKFURT 
DE0007257503;CEC;CECONOMY AG  ST O.N.;Retail;Retail, Specialty;Germany;XETRA + FRANKFURT 
DE0007257537;CEC1;CECONOMY AG  VZO O.N.;Retail;Retail, Specialty;Germany;XETRA + FRANKFURT 
DE0005407100;CSH;CENIT AG O.N.;Software;IT-Services;Germany;XETRA + FRANKFURT 
DE0005403901;CWC;CEWE STIFTUNG KGAA  O.N.;Consumer;Leisure ;Germany;XETRA + FRANKFURT 
DE000A3CRRN9;C3RY;CHERRY AG;Technology;Electronic Components & Hardware;Germany;XETRA + FRANKFURT 
DE000A2QDNX9;C0M;COM.CHARG.SOL.AG INH.O.N.;Industrial ;Advanced Industrial Equipment ;Germany;XETRA + FRANKFURT 
DE000CBK1001;CBK;COMMERZBANK AG;Banks;Credit Banks;Germany;XETRA + FRANKFURT 
DE000A288904;COP;COMPUGROUP MED. NA O.N.;Software;Software;Germany;XETRA + FRANKFURT 
DE0005439004;CON;CONTINENTAL AG O.N.;Automobile;Auto Parts & Equipment;Germany;XETRA + FRANKFURT 
LU1296758029;CCAP;CORESTATE CAPITAL HLDG;Financial Services;Real Estate;Luxembourg;XETRA + FRANKFURT 
DE0006062144;1COV;COVESTRO AG  O.N.;Chemicals;Chemicals, Specialty;Germany;XETRA + FRANKFURT 
DE000A2LQUA5;CSQ;CREDITSHELF AG  IA O.N.;Financial Services;Diversified Financial;Germany;XETRA + FRANKFURT 
DE000A0LAUP1;CE2;CROPENERGIES AG;Industrial;Renewable Energies;Germany;XETRA + FRANKFURT 
DE0005470306;EVD;CTS EVENTIM KGAA;Media;Movies & Entertainment ;Germany;XETRA + FRANKFURT 
DE000DTR0CK8;DTG�;DAIMLER TRUCK HOLDING AG;Industrial;Heavy Machinery;Germany;XETRA + FRANKFURT 
DE0005498901;DAM;DATA MODUL AG O.N.;Technology;Electronic Components & Hardware;Germany;XETRA + FRANKFURT 
DE000A2E4K43;DHER;DELIVERY HERO SE NA O.N.;Retail;Retail, Internet;Germany;XETRA + FRANKFURT 
DE0005146807;DEX;DELTICOM AG  NA O.N.;Retail;Retail, Internet;Germany;XETRA + FRANKFURT 
DE000A0XFSF0;DMRE;DEMIRE DEUTSCHE MITTELSTAND REAL ESTATE AG;Financial Services;Real Estate;Germany;XETRA + FRANKFURT 
DE000A2GS5D8;DMP;DERMAPHARM HOLDING INH O.N.;Pharma & Healthcare;Pharmaceuticals;Germany;XETRA + FRANKFURT 
DE0005140008;DBK;DEUTSCHE BANK AG NA O.N.;Banks;Credit Banks;Germany;XETRA + FRANKFURT 
DE0005810055;DB1;DEUTSCHE BOERSE NA O.N.;Financial Services;Securities Brokers;Germany;XETRA + FRANKFURT 
DE0007480204;DEQ;DEUTSCHE EUROSHOP NA O.N.;Financial Services;Real Estate;Germany;XETRA + FRANKFURT 
DE0005552004;DPW;DEUTSCHE POST AG NA O.N.;Transportation & Logistics;Logistics;Germany;XETRA + FRANKFURT 
DE0006305006;DEZ;DEUTZ AG O.N.;Industrial;Industrial Machinery;Germany;XETRA + FRANKFURT 
DE000A2NBVD5;DFV;DFV DEUTSCHE FAMILIENVERSICHERUNG  O.N.;Insurance;Insurance;Germany;XETRA + FRANKFURT 
DE000A1X3XX4;DIC;DIC ASSET AG NA O.N.;Financial Services;Real Estate;Great Britain;XETRA + FRANKFURT 
US2536511031;DBD;DIEBOLD NIXDORF DL 1,25;Technology;Electronic Components & Hardware;Germany;XETRA + FRANKFURT 
DE0005878003;GIL;DMG MORI AG O.N.;Industrial;Industrial Machinery;Germany;XETRA + FRANKFURT 
DE0005157101;HNL;DR. HOENLE AG O.N.;Industrial;Advanced Industrial Equipment;Germany;XETRA + FRANKFURT 
DE0005550602;DRW8;DRAEGERWERK ST.A.O.N.;Pharma & Healthcare;Medical Technology;Germany;XETRA + FRANKFURT 
DE0005550636;DRW3;DRAEGERWERK VZO O.N.;Pharma & Healthcare;Medical Technology;Germany;XETRA + FRANKFURT 
DE000A1TNUT7;DBAN;DT.BETEILIG.AG   NA O.N.;Financial Services;Private Equity & Venture Capital;Germany;XETRA + FRANKFURT 
DE000A14KRD3;DKG;DT.KONSUM REIT-AG;Financial Services;Real Estate;Germany;XETRA + FRANKFURT 
DE0008019001;PBB;DT.PFANDBRIEFBK AG;Banks;Credit Banks;Germany;XETRA + FRANKFURT 
DE0005557508;DTE;DT.TELEKOM AG NA;Telecommunication;Fixed-Line Telecommunication;Germany;XETRA + FRANKFURT 
DE0005565204;DUE;DUERR AG O.N.;Industrial;Industrial Machinery;Germany;XETRA + FRANKFURT 
DE000DWS1007;DWS;DWS GROUP GMBH+CO.KGAA ON;Financial Services;Diversified Financial;Germany;XETRA + FRANKFURT 
DE000ENAG999;EOAN;E.ON SE NA O.N.;Utilities;Multi-Utilities;Germany;XETRA + FRANKFURT 
DE0005659700;EUZ;ECKERT+ZIEGLER AG O.N.;Pharma & Healthcare;Medical Technology;Germany;XETRA + FRANKFURT 
DE0005854343;E4C;ECOTEL COMMUNICATION AG;Telecommunication;Fixed-Line Telecommunication;Germany;XETRA + FRANKFURT 
CH0303692047;ED4;EDAG ENGINEERING G.SF-,04;Automobile;Auto Parts & Equipment;Switzerland;XETRA + FRANKFURT 
DE0005654933;EIN3;EINHELL GERMANY VZO O.N.;Consumer;Home Construction & Furnishings;Germany;XETRA + FRANKFURT 
DE0005677108;ELG;ELMOS SEMICONDUCTOR INH O.N.;Technology;Semiconductors;Germany;XETRA + FRANKFURT 
DE0007856023;ZIL2;ELRINGKLINGER AG NA O.N.;Automobile;Auto Parts & Equipment;Germany;XETRA + FRANKFURT 
DE000A11Q059;ELB;ELUMEO SE;Retail;Retail, Internet;Germany;XETRA + FRANKFURT 
DE0006095003;CAP;ENCAVIS AG  INH. O.N.;Financial Services;Diversified Financial;Germany;XETRA + FRANKFURT 
DE000A3H2184;ECX;EPIGENOMICS AG NA O.N.;Pharma & Healthcare;Biotechnology;Germany;XETRA + FRANKFURT 
DE000A1X3WX6;ERWE;ERWE IMMOBILIEN AG INH O.N.;Financial Services;Real Estate;Germany;XETRA + FRANKFURT 
DE000EVNK013;EVK;EVONIK INDUSTRIES NA O.N.;Chemicals;Chemicals, Specialty;Germany;XETRA + FRANKFURT 
DE0005664809;EVT;EVOTEC SE  INH O.N.;Pharma & Healthcare;Biotechnology;Germany;XETRA + FRANKFURT 
LU0472835155;EXC;EXCEET GROUP SCA RED. A;Technology;Electronic Components & Hardware;Luxembourg;XETRA + FRANKFURT 
AT0000785407;FAA;FABASOFT AG;Software;Software;Austria;XETRA + FRANKFURT 
DE0005772206;FIE;FIELMANN AG O.N.;Retail;Retail, Specialty;Germany;XETRA + FRANKFURT 
DE0007201907;SIS;FIRST SENSOR AG O.N.;Technology;Semiconductors;Germany;XETRA + FRANKFURT 
DE000FTG1111;FTK;FLATEXDEGIRO AG  NA O.N.;Financial Services;Securities Brokers;Germany;XETRA + FRANKFURT 
DE0005774103;FEV;FORTEC ELEKTRO. O.N.;Technology;Electronic Components & Hardware;Germany;XETRA + FRANKFURT 
DE000FPH9000;FPH;FRANCOTYP-POSTALIA HLDG;Industrial;Industrial Machinery;Germany;XETRA + FRANKFURT 
DE0005773303;FRA;FRAPORT AG FFM.AIRPORT;Transportation & Logistics;Transportation Services;Germany;XETRA + FRANKFURT 
DE000A0Z2ZZ5;FNTN;FREENET AG NA O.N.;Telecommunication;Wireless Communication;Germany;XETRA + FRANKFURT 
DE0005785802;FME;FRESENIUS MEDICAL CARE KGAA O.N.;Pharma & Healthcare;Health Care;Germany;XETRA + FRANKFURT 
DE0005785604;FRE;FRESENIUS SE+CO.KGAA O.N.;Pharma & Healthcare;Health Care;Germany;XETRA + FRANKFURT 
DE000A255F11;VH2;FRIEDRICH VORWERK GROUP SE;Industrial;Industrial Products & Services;Germany;XETRA + FRANKFURT 
DE000A3E5D64;FPE3;FUCHS PETROL.SE VZO O.N.;Chemicals;Chemicals, Specialty;Germany;XETRA + FRANKFURT 
�DE000A3E5D56;FPE;FUCHS PETROLUB SE O.N.;Chemicals;Chemicals, Specialty;Germany;XETRA + FRANKFURT 
DE000A0JJTG7;GTY;GATEWAY R.EST.AG O.N.;Financial Services;Real Estate;Germany;XETRA + FRANKFURT 
DE0006602006;G1A;GEA GROUP AG;Industrial;Industrial, Diversified;Germany;XETRA + FRANKFURT 
DE0005495626;GME;GERATHERM O.N.;Pharma & Healthcare;Medical Technology;Germany;XETRA + FRANKFURT 
DE000A0LD6E6;GXI;GERRESHEIMER AG;Pharma & Healthcare;Health Care;Germany;XETRA + FRANKFURT 
DE000A1K0201;GSC1;GESCO AG NA O.N.;Industrial;Industrial, Diversified;Germany;XETRA + FRANKFURT 
DE0005800601;GFT;GFT TECHNOLOGIES SE;Software;IT-Services;Germany;XETRA + FRANKFURT 
DE0005156004;GGS;GIGASET AG O.N.;Technology ;Communications Technology ;Germany;XETRA + FRANKFURT 
DE0007571424;GKS;GK SOFTWARE  INH O.N.;Software;Software;Germany;XETRA + FRANKFURT 
LU2010095458;GFG;GLOBAL FASHION GRP EO-,01;Retail;Retail, Internet;Luxembourg;XETRA + FRANKFURT 
DE0005895403;GMM;GRAMMER AG O.N.;Automobile;Auto Parts & Equipment;Germany;XETRA + FRANKFURT 
LU0775917882;GYC;GRAND CITY PROPERT.EO-,10;Financial Services;Real Estate;Luxembourg;XETRA + FRANKFURT 
DE000A161N30;GLJ;GRENKE AG NA O.N.;Financial Services;Diversified Financial ;Germany;XETRA + FRANKFURT 
DE000A2E4T77;2HRA;H+R KGAA  INH. O.N.;Chemicals;Chemicals, Specialty;Germany;XETRA + FRANKFURT 
CNE1000031C1;690D;HAIER SMART HOME CO.D YC1;Consumer;Household Appliances & Housewares;China;XETRA + FRANKFURT 
DE000A3H2333;HAB;HAMBORNER REIT AG O.N.;Financial Services;Real Estate;Germany;XETRA + FRANKFURT 
DE000A0S8488;HHFA;HAMBURGER HAFEN UND LOGISTIK A-SP NA;Transportation & Logistics;Transportation Services;Germany;XETRA + FRANKFURT 
DE0008402215;HNR1;HANNOVER RUECK SE NA O.N.;Insurance;Re-Insurance;Germany;XETRA + FRANKFURT 
DE000HLAG475;HLAG;HAPAG-LLOYD AG NA O.N.;Transportation & Logistics;Logistics;Germany;XETRA + FRANKFURT 
DE0006042708;HAW;HAWESKO HOLDING  INH O.N.;Retail;Retail, Food & Drug;Germany;XETRA + FRANKFURT 
DE000A11QVV0;WL6;HEIDELBERG PHARMA AG O.N.;Pharma & Healthcare;Biotechnology;Germany;XETRA + FRANKFURT 
DE0006047004;HEI;HEIDELBERGCEMENT AG O.N.;Construction;Building Materials;Germany;XETRA + FRANKFURT 
DE0007314007;HDD;HEIDELBERGER DRUCKMASCHINEN .O.N.;Industrial;Industrial Machinery;Germany;XETRA + FRANKFURT 
DE000A13SX22;HLE;HELLA GMBH+CO. KGAA O.N.;Automobile;Auto Parts & Equipment;Germany;XETRA + FRANKFURT 
DE000A161408;HFG;HELLOFRESH SE  INH O.N.;Retail;Retail, Internet;Germany;XETRA + FRANKFURT 
DE0006048408;HEN;HENKEL AG+CO.KGAA ST O.N.;Consumer;Personal Products;Germany;XETRA + FRANKFURT 
DE0006048432;HEN3;HENKEL AG+CO.KGAA VZO;Consumer;Personal Products;Germany;XETRA + FRANKFURT 
DE000HAG0005;5UH;HENSOLDT AG NA O.N.;Technology;Semiconductors;Germany;XETRA + FRANKFURT 
DE000A3CMGN3;A3CMGN;HGEARS AG;Automobile;Auto Parts & Equipment;Germany;XETRA + FRANKFURT 
CH0006539198;HLG;HIGHLIGHT COMMUNICATIONS AG INH.SF 1;Media;Movies & Entertainment;Switzerland;XETRA + FRANKFURT 
DE0006070006;HOT;HOCHTIEF AG;Construction;Construction & Engineering;Germany;XETRA + FRANKFURT 
DE000A14KEB5;H24;HOME24 SE  INH O.N.;Retail;Retail, Internet;Germany;XETRA + FRANKFURT 
DE0006083405;HBH;HORNBACH HOLDING ST O.N.;Retail;Retail, Specialty;Germany;XETRA + FRANKFURT 
DE000A1PHFF7;BOSS;HUGO BOSS AG NA O.N.;Consumer;Clothing & Footwear;Germany;XETRA + FRANKFURT 
DE0005493365;HYQ;HYPOPORT SE  NA O.N.;Financial Services;Diversified Financial;Germany;XETRA + FRANKFURT 
DE0006200108;INH;INDUS HOLDING AG;Industrial ;Industrial, Diversified;Germany;XETRA + FRANKFURT 
DE0006231004;IFX;INFINEON TECH.AG NA O.N.;Technology;Semiconductors;Germany;XETRA + FRANKFURT 
DE0005759807;IXX;INIT INNOVATION O.N.;Technology;Electronic Components & Hardware;Germany;XETRA + FRANKFURT 
DE000A2NBX80;INS;INSTONE REAL ESTATE GROUP SE;Financial Services;Real Estate;Germany;XETRA + FRANKFURT 
DE000A254211;ISH2;INTERSHOP COMMUNICATIONS INH O.N.;Software;Internet;Germany;XETRA + FRANKFURT 
DE0005874846;IS7;INTICA SYSTEMS AG;Technology;Electronic Components & Hardware;Germany;XETRA + FRANKFURT 
DE0005859698;IVX;INVISION AG;Software;Software;Germany;XETRA + FRANKFURT 
DE0007448508;IVU;IVU TRAFFIC TECHN.AG O.N.;Software;IT-Services;Germany;XETRA + FRANKFURT 
DE000A2NB601;JEN;JENOPTIK AG  NA O.N.;Industrial;Advanced Industrial Equipment;Germany;XETRA + FRANKFURT 
DE000JST4000;JST;JOST WERKE AG INH.   O.N.;Automobile;Auto Parts & Equipment;Germany;XETRA + FRANKFURT 
DE0006219934;JUN3;JUNGHEINRICH AG O.N.VZO;Industrial;Industrial Machinery;Germany;XETRA + FRANKFURT 
DE000KSAG888;SDF;K+S AG NA O.N.;Chemicals;Chemicals, Commodity;Germany;XETRA + FRANKFURT 
DE0006208408;IUR;KAP AG  INH O.N.;Financial Services;Diversified Financial;Germany;XETRA + FRANKFURT 
DE000A2TSQH7;KTEK;KATEK SE;Automobile;Auto Parts & Equipment;Germany;XETRA + FRANKFURT 
DE000KGX8881;KGX;KION GROUP AG;Industrial;Heavy Machinery;Germany;XETRA + FRANKFURT 
DE000KC01000;KCO;KLOECKNER + CO SE NA O.N.;Industrial;Industrial Products & Services;Germany;XETRA + FRANKFURT 
DE000A2YN504;KTA;KNAUS TABBERT AG NA O.N.;Automobile;Automobile Manufacturers;Germany;XETRA + FRANKFURT 
DE000KBX1006;KBX;KNORR-BREMSE AG  INH O.N.;Industrial;Industrial, Machinery;Germany;XETRA + FRANKFURT 
DE0007193500;SKB;KOENIG + BAUER AG ST O.N.;Industrial;Industrial Machinery;Germany;XETRA + FRANKFURT 
DE000A1A6V48;KSC;KPS AG NA O.N.;Software;IT-Services ;Germany;XETRA + FRANKFURT 
DE0006335003;KRN;KRONES AG O.N.;Industrial;Industrial Machinery;Germany;XETRA + FRANKFURT 
DE0006204407;KU2;KUKA AG;Industrial;Industrial Machinery;Germany;XETRA + FRANKFURT 
DE0007074007;KWS;KWS SAAT KGAA  INH O.N.;Industrial;Industrial Products & Services;Germany;XETRA + FRANKFURT 
DE0005470405;LXS;LANXESS AG;Chemicals;Chemicals, Specialty;Germany;XETRA + FRANKFURT 
DE000LEG1110;LEG;LEG IMMOBILIEN SE;Financial Services;Real Estate;Germany;XETRA + FRANKFURT 
DE0006464506;LEI;LEIFHEIT AG O.N.;Consumer;Household Appliances & Housewares;Germany;XETRA + FRANKFURT 
DE0005408884;LEO;LEONI AG NA O.N.;Automobile;Auto Parts & Equipment;Germany;XETRA + FRANKFURT 
IE00BZ12WP82;LIN;LINDE PLC        EO 0,001;Chemicals;Industrial Gases;Ireland;XETRA + FRANKFURT 
LU1618151879;TGHN;LOGWIN AG NAM. O.N.;Transportation & Logistics;Logistics;Luxembourg;XETRA + FRANKFURT 
DE0006450000;LPK;LPKF LASER+ELECTRONICS;Industrial;Advanced Industrial Equipment;Germany;XETRA + FRANKFURT 
DE0005199905;ECK;LUDW.BECK A.RATHAUSECK;Retail;Retail, Multiline;Germany;XETRA + FRANKFURT 
DE0008232125;LHA;LUFTHANSA AG VNA O.N.;Transportation & Logistics;Airlines;Germany;XETRA + FRANKFURT 
DE000A0JQ5U3;M5Z;MANZ AG;Industrial;Advanced Industrial Equipment;Germany;XETRA + FRANKFURT 
DE0005492938;MZX;MASTERFLEX O.N.;Industrial;Industrial Products & Services;Germany;XETRA + FRANKFURT 
DE000A2DA588;MXHN;MAX AUTOMATION SE NA O.N.;Industrial;Industrial, Diversified;Germany;XETRA + FRANKFURT 
DE000A0ETBQ4;MBB;MBB SE O.N.;Industrial;Industrial, Diversified;Germany;XETRA + FRANKFURT 
DE0006595101;MED;MEDICLIN AG;Pharma & Healthcare;Health Care;Germany;XETRA + FRANKFURT 
DE000A1X3W00;MDG1;MEDIGENE AG NA O.N.;Pharma & Healthcare;Biotechnology;Germany;XETRA + FRANKFURT 
DE000A1MMCC8;ILM1;MEDIOS AG  O.N.;Pharma & Healthcare;Pharmatceuticals;Germany;XETRA + FRANKFURT 
DE0007100000;DAI;MERCEDES BENZ GROUP AG;Automobile;Automobile Manufacturers;Germany;XETRA + FRANKFURT 
DE0006599905;MRK;MERCK KGAA O.N.;Pharma & Healthcare;Pharmatceuticals;Germany;XETRA + FRANKFURT 
DE000BFB0019;B4B;METRO AG   ST O.N.;Retail;Retail, Multiline;Germany;XETRA + FRANKFURT 
DE000BFB0027;B4B3;METRO AG   VZO O.N.;Retail;Retail, Multiline;Germany;XETRA + FRANKFURT 
DE000A3CSAE2;MRX;MISTER SPEX SE;Retail;Retail, Internet;Germany;XETRA + FRANKFURT 
DE0006569908;MLP;MLP SE  INH. O.N.;Financial Services;Diversified Financial;Germany;XETRA + FRANKFURT 
DE0006632003;MOR;MORPHOSYS AG O.N.;Pharma & Healthcare;Biotechnology;Germany;XETRA + FRANKFURT 
DE000A0D9PT0;MTX;MTU AERO ENGINES NA O.N.;Industrial;Heavy Machinery;Germany;XETRA + FRANKFURT 
DE0008430026;MUV2;MUENCH.RUECKVERSICHERUNGS GESELLSCHAFT.VNA O.N.;Insurance;Re-Insurance;Germany;XETRA + FRANKFURT 
FI4000106299;FRU;MULTITUDE SE;Financial Services;Diversified Financial;Finland;XETRA + FRANKFURT 
DE000A2NB650;MUX;MUTARES KGAA  NA O.N.;Financial Services;Private Equity & Venture Capital;Germany;XETRA + FRANKFURT 
DE000A0H52F5;MVV1;MVV ENERGIE AG NA O.N.;Utilities;Multi-Utilities;Germany;XETRA + FRANKFURT 
DE000A3H2200;NA9;NAGARRO SE  NA O.N.;Software;IT-Services;Germany;XETRA + FRANKFURT 
DE0006452907;NEM;NEMETSCHEK SE O.N.;Software;Software;Germany;XETRA + FRANKFURT 
DE000NWRK013;NWO;NEW WORK SE  NA O.N.;Software;Internet;Germany;XETRA + FRANKFURT 
DE0005220909;NXU;NEXUS AG O.N.;Software;Software;Germany;XETRA + FRANKFURT 
DE000A0N4N52;NFN;NFON AG  INH O.N.;Telecommunication;Wireless Telecommunication;Germany;XETRA + FRANKFURT 
DE000A0D6554;NDX1;NORDEX SE O.N.;Industrial;Renewable Energies;Germany;XETRA + FRANKFURT 
DE000A1H8BV3;NOEJ;NORMA GROUP SE NA O.N.;Industrial;Industrial Products & Services;Germany;XETRA + FRANKFURT 
LU2356314745;NVM;NOVEM GROUP S.A.;Automobile;Auto Parts & Equipment;Luxembourg;XETRA + FRANKFURT 
DE0005936124;OHB;OHB SE   O.N.;Technology;Communications Technology;Germany;XETRA + FRANKFURT 
DE0006286560;O4B;OVB HOLDING AG;Financial Services;Diversified Financial;Germany;XETRA + FRANKFURT 
DE000A0B65S3;PA8;PAION O.N;Pharma & Healthcare;Biotechnology;Germany;XETRA + FRANKFURT 
DE0005558696;PGN;PARAGON KGAA  INH O.N.;Automobile;Auto Parts & Equipment;Germany;XETRA + FRANKFURT 
DE000PAT1AG3;PAT;PATRIZIA AG NA ON;Financial Services;Real Estate;Germany;XETRA + FRANKFURT 
AT0000A00Y78;O2C;PETRO WELT TECHNOLOGIE.AG;Basic Resources;Oil & Gas;Russia/GUS;XETRA + FRANKFURT 
DE0006916604;PFV;PFEIFFER VACUUM TECH.O.N.;Industrial;Advanced Industrial Equipment;Germany;XETRA + FRANKFURT 
DE000A2P4LJ5;PSG;PHARMASGP HOLDING SE O.N.;Pharma & Healthcare;Pharmaceuticals;Germany;XETRA + FRANKFURT 
DE000A0JBPG2;PNE3;PNE AG  NA O.N.;Industrial;Renewable Energies;Germany;XETRA + FRANKFURT 
DE0006223407;PCZ;PROCREDIT HOLDING AG NA EO 5;Banks;Credit Banks;Germany;XETRA + FRANKFURT 
DE0006968001;PWO;PROGRESS-WERK OBERKIRCH. O.N.;Automobile;Auto Parts & Equipment;Germany;XETRA + FRANKFURT 
DE000PSM7770;PSM;PROSIEBENSAT.1  NA O.N.;Media;Broadcasting;Germany;XETRA + FRANKFURT 
DE000A0Z1JH9;PSAN;PSI SOFTWARE AG NA O.N.;Software;Software;Germany;XETRA + FRANKFURT 
DE0006969603;PUM;PUMA SE;Consumer;Clothing & Footwear;Germany;XETRA + FRANKFURT 
DE0007461006;TPE;PVA TEPLA AG O.N.;Industrial ;Advanced Industrial Equipment ;Germany;XETRA + FRANKFURT 
DE0005137004;QSC;Q.BEYOND AG NA O.N.;Technology;Communications Technology;Germany;XETRA + FRANKFURT 
NL0012169213;QIA;QIAGEN NV         EO -,01;Pharma & Healthcare;Biotechnology;Netherlands;XETRA + FRANKFURT 
DE000A1PHBB5;RSL2;R. STAHL AG NA O.N.;Industrial;Industrial Products & Services;Germany;XETRA + FRANKFURT 
DE0007010803;RAA;RATIONAL AG;Industrial;Industrial Products & Services ;Germany;XETRA + FRANKFURT 
DE0007030009;RHM;RHEINMETALL AG;Industrial;Industrial, Diversified;Germany;XETRA + FRANKFURT 
DE0007042301;RHK;RHOEN-KLINIKUM O.N.;Pharma & Healthcare;Health Care;Germany;XETRA + FRANKFURT 
DE000RYSE888;RY8;ROY ASSET HLDG INH O.N.;Industrial;Industrial, Diversified;China;XETRA + FRANKFURT 
LU0061462528;RRTL;RTL GROUP;Media;Broadcasting;Luxembourg;XETRA + FRANKFURT 
DE0007037129;RWE;RWE AG   INH O.N.;Utilities;Multi-Utilities;Germany;XETRA + FRANKFURT 
AT0000A0E9W5;SANT;S+T AG (Z.REG.MK.Z.)O.N.;Technology;Electronic Components & Hardware;Austria;XETRA + FRANKFURT 
DE000SAFH001;SFQ;SAF HOLLAND SE  INH EO 1;Industrial;Industrial Machinery;Luxembourg;XETRA + FRANKFURT 
DE0006202005;SZG;SALZGITTER AG O.N.;Basic Resources;Steel & Other Metals;Germany;XETRA + FRANKFURT 
DE0007164600;SAP;SAP SE O.N.;Software;Software;Germany;XETRA + FRANKFURT 
DE0007165607;SRT;SARTORIUS AG O.N.;Pharma & Healthcare ;Biotechnology;Germany;XETRA + FRANKFURT 
DE0007165631;SRT3;SARTORIUS AG VZO O.N.;Pharma & Healthcare ;Biotechnology;Germany;XETRA + FRANKFURT 
DE000SHA0159;SHA;SCHAEFFLER AG INH. VZO;Automobile;Auto Parts & Equipment;Germany;XETRA + FRANKFURT 
DE000A12DM80;G24;SCOUT24 AG NA O.N.;Media;Advertising;Germany;XETRA + FRANKFURT 
DE0007276503;YSN;SECUNET SECURITY AG O.N.;Software;IT-Services;Germany;XETRA + FRANKFURT 
DE000A2G8X31;SJJ;SERVICEWARE SE  INH O.N.;Software;Software;Germany;XETRA + FRANKFURT 
DE0007568578;F3C;SFC ENERGY AG;Industrial;Renewable Energies;Germany;XETRA + FRANKFURT 
DE0007235301;SGL;SGL CARBON SE O.N.;Chemicals;Chemicals, Specialty;Germany;XETRA + FRANKFURT 
NL0012044747;SAE;SHOP APOTHEKE EUROPE INH.;Retail;Retail, Internet;Netherlands;XETRA + FRANKFURT 
DE0007236101;SIE;SIEMENS AG  NA O.N.;Industrial;Industrial, Diversified;Germany;XETRA + FRANKFURT 
DE000ENER6Y0;ENR;SIEMENS ENERGY AG NA O.N.;Industrial;Industrial;Germany;XETRA + FRANKFURT 
DE000SHL1006;SHL;SIEMENS HEALTH.AG NA O.N.;Pharma & Healthcare;Medical Technology;Germany;XETRA + FRANKFURT 
DE000WAF3001;WAF;SILTRONIC AG NA O.N.;Technology;Semiconductors;Germany;XETRA + FRANKFURT 
DE000A1681X5;SNG;SINGULUS TECHNOL. EO 1;Industrial;Advanced Industrial Equipment;Germany;XETRA + FRANKFURT 
DE0007231326;SIX2;SIXT SE ST O.N.;Transportation & Logistics;Transportation Services;Germany;XETRA + FRANKFURT 
DE0007231334;SIX3;SIXT SE VZO O.N.;Transportation & Logistics;Transportation Services;Germany;XETRA + FRANKFURT 
DE000A111338;AM3D;SLM SOLUTIONS GRP AG;Industrial;Advanced Industrial Equipment;Germany;XETRA + FRANKFURT 
DE000A0DJ6J9;S92;SMA SOLAR TECHNOL.AG;Industrial;Renewable Energies;Germany;XETRA + FRANKFURT 
DE0007203705;SHF;SNP SCHNEIDER-NEUREITHER O.N.;Software;IT-Services;Germany;XETRA + FRANKFURT 
DE0005178008;SYT;SOFTING AG O.N.;Software;IT- Services;Germany;XETRA + FRANKFURT 
DE000A2GS401;SOW;SOFTWARE AG  NA O.N.;Software;Software;Germany;XETRA + FRANKFURT 
LU1066226637;STM;STABILUS SE INH. EO-,01;Industrial;Industrial Machinery;Luxembourg;XETRA + FRANKFURT 
NL0011375019;SNH;STEINHOFF INTERNATIONAL HLDG.EO-,50;Consumer Goods;Home Construction & Furnishings;Netherlands;XETRA + FRANKFURT 
DE000A2G9MZ9;S9I;STEMMER IMAGING AG INH ON;Software;IT-Services;Germany;XETRA + FRANKFURT 
DE000STRA555;SBS;STRATEC SE  NA O.N.;Pharma & Healthcare;Medical Technology;Germany;XETRA + FRANKFURT 
DE0007493991;SAX;STROEER SE + CO. KGAA;Media;Advertising;Germany;XETRA + FRANKFURT 
DE0007297004;SZU;SUEDZUCKER AG  O.N.;Food & Beverages;Food;Germany;XETRA + FRANKFURT 
DE000A1K0235;SMHN;SUESS MICROTEC SE NA O.N.;Technology;Semiconductors;Germany;XETRA + FRANKFURT 
DE0005176903;SUR;SURTECO GROUP SE INH O.N.;Basic Resources;Forest & Paper Products;Germany;XETRA + FRANKFURT 
LU2333210958;SUSE5A;SUSE S.A.;Software;Software;Luxembourg;XETRA + FRANKFURT 
DE000SYM9999;SY1;SYMRISE AG INH. O.N.;Chemicals;Chemicals, Specialty;Germany;XETRA + FRANKFURT 
DE000A2TSL71;SYAB;SYNLAB AG;Pharma & Healthcare;Health Care;Germany;XETRA + FRANKFURT 
DE0005104806;SYZ;SYZYGY AG O.N.;Software;IT-Services;Germany;XETRA + FRANKFURT 
DE0008303504;TEG;TAG IMMOBILIEN AG;Financial Services;Real Estate;Germany;XETRA + FRANKFURT 
DE0007446007;TTK;TAKKT AG O.N.;Retail;Retail, Catalog;Germany;XETRA + FRANKFURT 
DE000TLX1005;TLX;TALANX AG NA O.N.;Insurance;Re-Insurance;Germany;XETRA + FRANKFURT 
DE000A2YN900;TMV;TEAMVIEWER AG  INH O.N.;Software;Software;Germany;XETRA + FRANKFURT 
DE000A0XYGA7;TTR1;TECHNOTRANS SE NA O.N.;Industrial;Advanced Industrial Equipment;Germany;XETRA + FRANKFURT 
DE000A1J5RX9;O2D;TELEFONICA DEUTSCHLAND HOLDING NA;Telecommunication;Wireless Communication;Germany;XETRA + FRANKFURT 
DE000A289B07;TLIK;TELES AG INFORMATIONSTECHNOLOGIEN ON;Software;Internet;Germany;XETRA + FRANKFURT 
DE000A1YC996;PU11;THE SOCIAL CHAIN AG;Media;Advertising;Germany;XETRA + FRANKFURT 
DE0007500001;TKA;THYSSENKRUPP AG O.N.;Industrial;Industrial, Diversified;Germany;XETRA + FRANKFURT 
DE000TRAT0N7;8TRA;TRATON SE   INH O.N.;Industrial;Heavy Machinery;Germany;XETRA + FRANKFURT 
DE000UNSE018;UN01;UNIPER SE  NA O.N.;Utilities;Multi-Utilities;Germany;XETRA + FRANKFURT 
DE0005489561;ULC;UNITED LABELS O.N.;Retail;Retail, Specialty;Germany;XETRA + FRANKFURT 
DE000A0BVU28;OSP2;USU SOFTWARE AG;Software;Software;Germany;XETRA + FRANKFURT 
DE0005089031;UTDI;UTD.INTERNET AG NA;Software;Internet;Germany;XETRA + FRANKFURT 
DE000A3H3LL2;VTWR;VANTAGE TOWERS AG;Telecommunication;Telecommunication Services;Germany;XETRA + FRANKFURT 
DE0006636681;VQT;VA-Q-TEC AG NA O.N.;Industrial;Containers & Packaging;Germany;XETRA + FRANKFURT 
DE000A0TGJ55;VAR1;VARTA AG O.N.;Industrial;Advanced Industrial Equipment;Germany;XETRA + FRANKFURT 
DE000A0JL9W6;VBK;VERBIO VER.BIOENERGIE  ON;Industrial;Renewable Energies;Germany;XETRA + FRANKFURT 
DE0007657231;VIB3;VILLEROY + BOCH AG VZ;Consumer;Household Appliances & Housewares;Germany;XETRA + FRANKFURT 
DE0007846867;V6C;VISCOM AG O.N.;Industrial;Advanced Industrial Equipment;Germany;XETRA + FRANKFURT 
DE000A0BL849;V3V;VITA 34 AG NA O.N.;Pharma & Healthcare;Healthcare;Germany;XETRA + FRANKFURT 
DE000VTSC017;VTSC;VITESCO TECHNOLOGIES GROUP AG;Automobile;Auto Parts & Equipment;Germany;XETRA + FRANKFURT 
DE0007664005;VOW;VOLKSWAGEN AG ST O.N.;Automobile;Automobile Manufacturers;Germany;XETRA + FRANKFURT 
DE0007664039;VOW3;VOLKSWAGEN AG VZO O.N.;Automobile;Automobile Manufacturers;Germany;XETRA + FRANKFURT 
DE000A2E4LE9;VBX;VOLTABOX AG  INH. O.N.;Industrial;Advanced Industrial Equipment;Germany;XETRA + FRANKFURT 
DE000A1ML7J1;VNA;VONOVIA SE NA O.N.;Financial Services;Real Estate;Germany;XETRA + FRANKFURT 
DE0007667107;VOS;VOSSLOH AG O.N.;Industrial;Industrial Products & Services;Germany;XETRA + FRANKFURT 
AU0000066086;VUL;VULCAN ENERGY RESOURCES LIMITED;Chemicals;Chemicals, Specialty;Australia;XETRA + FRANKFURT 
DE000WCH8881;WCH;WACKER CHEMIE        O.N.;Chemicals;Chemicals, Specialty;Germany;XETRA + FRANKFURT 
DE000WACK012;WAC;WACKER NEUSON SE NA O.N.;Industrial;Industrial Machinery;Germany;XETRA + FRANKFURT 
DE0007507501;WSU;WASHTEC AG O.N.;Industrial;Industrial Machinery;Germany;XETRA + FRANKFURT 
DE000A2N4H07;WEW;WESTWING GROUP  INH. O.N.;Retail;Retail, Internet;Germany;XETRA + FRANKFURT 
DE000WNDL300;WDL;WINDELN.DE SE  INH O.N.;Retail;Retail, Internet;Germany;XETRA + FRANKFURT 
DE0008051004;WUW;WUESTENROT+WUERTTEMBERGISCHE AG O.N.;Banks;Mortgage Banks;Germany;XETRA + FRANKFURT 
DE0005932735;YOC;YOC AG O.N.;Telecommunication;Telecommunication Services;Germany;XETRA + FRANKFURT 
DE000ZAL1111;ZAL;ZALANDO SE;Retail;Retail,Internet;Germany;XETRA + FRANKFURT 
DE000ZEAL241;TIMA;ZEAL NETWORK SE NA O.N.;Retail;Retail, Internet;Germany;XETRA + FRANKFURT 
DE000A3H3L44;2INV;2INVEST AG  NA O.N.;Pharma & Healthcare;Biotechnology;Germany;XETRA + FRANKFURT 
LU2380748603;SPV2�;468 SPAC II SE;Financial Services;Private Equity & Venture Capital;Luxembourg;XETRA + FRANKFURT 
DE000A11QW68;HRPK;7C SOLARPARKEN AG  O.N.;Industrial;Renewable Energies;Germany;XETRA + FRANKFURT 
DE0007228009;AAA;A.A.A. AG ALLGEMEINE ANLAGEVERWALTUNG;Financial Services;Real Estate;Germany;FRANKFURT
DE0006492903;LUM;A.I.S. AG;Industrial;Renewable Energies;Germany;FRANKFURT
DE000A1TNNN5;ACWN;A.S.CREATION TAPETEN NA;Consumer;Home Construction & Furnishings;Germany;XETRA + FRANKFURT 
DE000A3H2101;AAQ1;AAP IMPLANTATE AG;Pharma & Healthcare;Medical Technology;Germany;XETRA + FRANKFURT 
DE0005009740;AHH;AHLERS AG NA O.N.;Consumer;Clothing & Footwear;Germany;FRANKFURT
GB00B128C026;AB1;AIR BERLIN PLC    EO -,25;Transportation & Logistics;Airlines;Great Britain;FRANKFURT
DE0006209901;ABA;ALBA SE O.N.;Industrial;Industrial Products & Services;Germany;FRANKFURT
DE0006569403;ALG;ALBIS LEASING AG O.N.;Financial Services;Diversified Financial;Germany;XETRA + FRANKFURT 
DE000A2GS633;AEIN;ALLGEIER SE  NA O.N.;Software;IT-Services;Germany;XETRA + FRANKFURT 
DE000A2LQUJ6;AMA1;ALTECH ADVANCED MATERIALS NA O.N.;Basic Resources;Forest & Paper Products;Germany;FRANKFURT
DE0001262152;DTD2;B+S BANKSYSTEME AG O.N.;Software;Internet;Germany;XETRA + FRANKFURT 
DE0005201602;BEZ;BERENTZEN-GRUPPE AG;Food & Beverages;Beverages;Germany;XETRA + FRANKFURT 
DE0005229504;BIJ;BIJOU BRIGITTE O.N.;Retail ;Retail, Specialty;Germany;XETRA + FRANKFURT 
DE0008618737;BPE;BP PLC (Dt. Zert.);Basic Resources;Oil & Gas;Germany;FRANKFURT
DE000HNC2059;RTML;CAMERIT AG;Financial Services;Diversified Financial;Germany;FRANKFURT
PLCIECH00018;CHX;CIECH S.A. ZY 5;Chemicals;Chemicals, Specialty;Polen;FRANKFURT
DE000A3E5C08;CNWK;CO.DON AG   INH. O.N.;Pharma & Healthcare;Biotechnology;Germany;XETRA + FRANKFURT 
LU0251710041;O5G;CPI PROPERTY GRP   EO-,10;Financial Services;Real Estate;Luxembourg;XETRA + FRANKFURT 
DE000A1YDDM9;333;DECHENG TECHNOLOGY AG;Chemicals;Chemicals, Specialty;Germany;FRANKFURT
DE000A0BVVK7;HEMP;DEUTSCHE CANNABIS AG   O.N.;Financial Services;Private Equity & Venture Capital;Germany;XETRA + FRANKFURT 
DE0008055021;DRE2;DEUTSCHE REAL ESTATE AG O.N.;Financial Services;Real Estate;Germany;FRANKFURT
DE000A0HN5C6;DWNI;DEUTSCHE WOHNEN SE INH;Financial Services;Real Estate;Germany;XETRA + FRANKFURT 
DE000A2AA204;DFTK;DF DEUTSCHE FORFAIT AG  NA O.N.;Financial Services;Diversified Financial;Germany;XETRA + FRANKFURT 
DE0005580005;DIE;DIERIG HOLDING AG O.N.;Consumer;Clothing & Footwear ;Germany;XETRA + FRANKFURT 
DE0005658009;EIS;EISEN- UND HUETTENWERKE;Basic Resources;Steel & Other Metals;Germany;FRANKFURT
DE000A0WMJQ4;ELN;ELANIX BIOTECHNOLOGIES AG;Pharma & Healthcare;Biotechnology;Germany;FRANKFURT
DE000A255G02;H2O;ENAPTER AG INH O.N. ;Industrial;Renewable Energies;Germany;FRANKFURT
DE0005220008;EBK;ENBW ENERGIE BADEN-WUERTTEMBERG ON;Utilities;Electricity;Germany;XETRA + FRANKFURT 
DE0005313506;EKT;ENERGIEKONTOR O.N.;Industrial;Renewable Energies;Germany;XETRA + FRANKFURT 
DE0007551400;USE;EROTIK-ABWICKLUNGSGESELLSCHAFT INH EO 1;Retail;Retail, Catalog;Germany;FRANKFURT
DE000A0V9L94;BNT1;EYEMAXX REAL ESTATE AG;Financial Services ;Real Estate;Germany;XETRA + FRANKFURT 
DE000A0MW975;FVI;FAIR VALUE REIT-AG INH.ON;Financial Services;Real Estate;Germany;FRANKFURT
DE000A1YC913;FC9;FCR IMMOBILIEN AG NA O.N.;Financial Services;Real Estate;Germany;XETRA + FRANKFURT 
DE0005775803;FRS;FORIS AG;Financial Services;Diversified Financial;Germany;XETRA + FRANKFURT 
ATFREQUENT09;FQT;FREQUENTIS AG;Technology;Communications Technology;Austria;XETRA + FRANKFURT 
DE0005070908;FNG;FRITZ NOLS AG O.N.;Financial Services;Securities Brokers;Germany;FRANKFURT
DE0006201106;CEA;FRIWO AG O.N.;Industrial;Industrial, Diversified;Germany;XETRA + FRANKFURT 
DE0007760001;WWG;GELSENWASSER AG;Utilities;Multi-Utilities;Germany;FRANKFURT
DE000A0L1NQ8;TVD6;German Values Property Group AG;Retail;Retail, Internet;Germany;FRANKFURT
DE000A255G36;GWI2;GERRY WEBER INTERNATIONAL O.N.;Consumer;Clothing & Footwear;Germany;XETRA + FRANKFURT 
LU2358378979;GFJ1;GFJ ESG Acquisition I SE;Financial Services;Private Equity & Venture Capital;Luxembourg;XETRA + FRANKFURT 
DE000GSW1111;GIB;GSW IMMOBILIEN AG;Financial Services;Real Estate;Germany;FRANKFURT
DE000A0JKHG0;G7B;GWB IMMOBILIEN AG;Financial Services;Real Estate;Germany;FRANKFURT
DE000A0KF6M8;H9Y;HANSEYACHTS O.N.;Industrial;Heavy Machinery;Germany;XETRA + FRANKFURT 
DE000A254294;IPOK;HEIDELBERGER BETEILIGUNGSHOLDING  O.N.;Financial Services;Private Equity & Venture Capital;Germany;FRANKFURT
LU2290523658;LRS1;HOMETOGO SE;Financial Services;Private Equity & Venture Capital;Luxembourg;XETRA + FRANKFURT 
DE0006097108;IFS;INFAS HOLDING AG  O.N.;Industrial ;Industrial Products & Services;Germany;FRANKFURT
DE0006223605;ITN;INTERTAINMENT AG INH O.N.;Media;Movies & Entertainment;Germany;XETRA + FRANKFURT 
CH0451424300;IQL;IQ INTERNATIONAL AG         SF-,01;Automobile;Auto Parts & Equipment;Switzerland;XETRA + FRANKFURT 
DE000A0JL461;I7N;ITN NANOVATION;Industrial;Advanced Industrial Equipment;Germany;XETRA + FRANKFURT 
DE0006578008;KWG;KHD HUMBOLDT WEDAG O.N.;Construction;Building Materials;Germany;XETRA + FRANKFURT 
DE000A1X3WW8;HETA;KHD HUMBOLDT WEDAG VV NA O.N.;Basic Resources;Forest & Paper Products;Germany;FRANKFURT
DE0007857476;KA8;KLASSIK RADIO AG NA O.N.;Media;Broadcasting ;Germany;XETRA + FRANKFURT 
DE000A0KFUJ5;K1R;KROMI LOGISTIK  INH. O.N.;Industrial;Industrial Products & Services;Germany;XETRA + FRANKFURT 
DE0006292006;KSB;KSB SE+CO.KGAA  ST O.N.;Industrial;Industrial Machinery ;Germany;XETRA + FRANKFURT 
DE0006292030;KSB3;KSB SE+CO.KGAA VZO O.N.;Industrial;Industrial Machinery ;Germany;XETRA + FRANKFURT 
DE000A2QRHL6;A2QRHL;Linus Digital Finance AG;Financial Services;Diversified Financial;Germany;FRANKFURT
DE0005754402;LSX;LS TELCOM AG;Telecommunication;Telecommunication Services ;Germany;XETRA + FRANKFURT 
DE0006553464;MNV6;MAINOVA AG O.N.;Utilities;Multi-Utilities;Germany;FRANKFURT
DE000A2N4944;MFL2;MARUDAI FOOD DZ/1 O.N.;Food & Beverages;Food;Germany;FRANKFURT
DE0006052830;MBH3;MASCHINENFABRIK BERTHOLD HERMLE O.N. VZO;Industrial;Industrial Machinery ;Germany;FRANKFURT
DE0006044001;MAK;MATERNUS-KLINIKEN AG O.N.;Pharma & Healthcare;Health Care ;Germany;XETRA + FRANKFURT 
DE0006605009;MDN;MEDION AG O.N.;Industrial;Industrial Products & Services;Germany;XETRA + FRANKFURT 
DE000A0LBFE4;M3V;MEVIS MEDICAL SOLUTIONS NA O.N.;Software;Software;Germany;XETRA + FRANKFURT 
DE000A2LQ728;ML2;MING LE SPORTS AG;Consumer;Clothing & Footwear;Germany;FRANKFURT
DE0005855183;MSAG;MS INDUSTRIE AG;Financial Services;Diversified Financial;Germany;XETRA + FRANKFURT 
DE000A254203;MPSC;MUEHL PRODUCT + SERVICE  INH O.N;Consumer;Home Construction & Furnishings;Germany;FRANKFURT
DE0006214687;MLL;MUELLER-DIE LILA LOGISTIK SE;Transportation + Logistics ;Logistics;Germany;XETRA + FRANKFURT 
DE0005021307;NSN;NESCHEN AG O.N.;Industrial;Industrial Products & Services;Germany;FRANKFURT
DE000A1K03W5;99SC;NEXR TECHNOLOGIES SE  INH O.N.;Media;Movies & Entertainment;Germany;XETRA + FRANKFURT 
DE000A12UP37;NC5A;NORCOM INFORMATION TECHNOLOGY INH ON;Software;Internet;Germany;XETRA + FRANKFURT 
DE0006775505;NWX;NORDWEST HANDEL AG;Industrial;Industrial Products & Services;Germany;FRANKFURT
SE0000722365;OMAX;VIVESTO AB  SK-,10;Pharma & Healthcare;Pharmaceuticals;Sweden;FRANKFURT
LU2334363566;OTA;OboTech Acquisition SE;Financial Services;Private Equity & Venture Capital;Luxembourg;XETRA + FRANKFURT 
DE0008647488;OMR;OMRON CORP. DZ/1 O.N.;Technology;Electronic Components & Hardware;Japan;FRANKFURT
CH0022237009;O5H;OPENLIMIT HOLDING INH. SF-30;Software;Software;Switzerland;XETRA + FRANKFURT 
DE0005228779;OBS;ORBIS SE O.N.;Industrial ;Industrial Products & Services;Germany;XETRA + FRANKFURT 
DE000A1R1C81;ICP;PANAMAX AG;Technology;Communications Technology;Germany;XETRA + FRANKFURT 
DE000A0AFGF3;02P;PEARL GOLD AG;Financial Services ;Private Equity & Venture Capital ;Germany;FRANKFURT
DE000A2YN777;EMH;PFERDEWETTEN.DE AG NA ON;Consumer ;Leisure ;Germany;XETRA + FRANKFURT 
DE000A1A6WB2;HBD1;PHILOMAXCAP AG INH O.N.;Media;Movies & Entertainment;Germany;FRANKFURT
AT0000KTMI02;PMAG;PIERER MOBILITY AG;Automobile;Automobile Manufacturers;Germany;XETRA 
DE0006925001;PIT;PITTLER MASCHINENFABRIK AG;Industrial;Industrial Machinery;Germany;FRANKFURT
DE000PAH0038;PAH3;PORSCHE AUTOMOBIL HOLDING VZO;Automobile;Automobile Manufacturers;Germany;XETRA + FRANKFURT 
DE000A161N22;TUF;RAVENO CAPITAL INH O.N.;Construction;Construction & Engineering;Germany;XETRA + FRANKFURT 
DE000A1E89S5;EXJ;READCREST CAPITAL AG O.N.;Media;Advertising;Germany;FRANKFURT
DE0007008906;RTC;REALTECH AG O.N.;Software;IT-Services;Germany;XETRA + FRANKFURT 
DE000A3E5E55;HP3;RINGMETALL SE;Industrial;Containers & Packaging;Germany;XETRA + FRANKFURT 
DE0007229007;SWA;SCHLOSS WACHENHEIM AG O.N;Food & Beverages;Beverages;Germany;XETRA + FRANKFURT 
DE0007216707;SCM;SCHUMAG AG O.N.;Industrial;Industrial Machinery ;Germany;FRANKFURT
DE0005156236;SCE;SCHWEIZER ELECTRONIC NA O.N.;Technology;Semiconductors;Germany;XETRA + FRANKFURT 
DE000A3E5CP0;SIM;SIMONA AG O.N.;Chemicals;Chemicals, Commodity;Germany;FRANKFURT
DE000SGU8886;SGU;SINO-GERMAN UNITED AG O.N.;Industrial;Industrial, Diversified;Germany;FRANKFURT
DE000A2E3772;BTBB;SLEEPZ AG  INH. O.N.;Retail;Retail, Internet;Germany;XETRA + FRANKFURT 
DE000A1PHEL8;8S9;SNOWBIRD AG;Retail;Retail, Specialty;Germany;FRANKFURT
DE0006614712;SFX;SOLAR-FABRIK AG O.N.;Industrial;Renewable Energies;Germany;FRANKFURT
DE0007279507;SPM;SPLENDID MEDIEN AG O.N.;Media;Movies & Entertainment;Germany;XETRA + FRANKFURT 
DE0005490601;SBE;SPOBAG O.N.;Financial Services;Private Equity & Venture Capital;Germany;FRANKFURT
DE000A1EMG56;WIG1;SPORTTOTAL AG  INH. O.N.;Media;Advertising;Germany;XETRA + FRANKFURT 
DE0007274136;STO3;STO SE+CO.KGAA VZO O.N.;Consumer;Home Construction & Furnishings;Germany;XETRA + FRANKFURT 
DE000A1TNU68;SF3;STS GROUP AG  O.N.;Automobile;Auto Parts & Equipment;Germany;XETRA + FRANKFURT 
DE0007454209;TCU;TC UNTERHALTUNGSELEKTRONIK;Consumer;Consumer Electronics;Germany;FRANKFURT
DE0007458804;TIS;TISCON AG O.N.;Software;IT-Services;Germany;FRANKFURT
CH0557519201;ERO1;TMC CONTENT GROUP AG INH.SF1;Media;Movies & Entertainment;Switzerland;XETRA + FRANKFURT 
LU2333563281;SPAC;TONIES SE;Financial Services;Private Equity & Venture Capital;Luxembourg;XETRA + FRANKFURT 
DE0007501009;TTO;TTL BETEILIGUNGS- UND GRUNDBESITZ AG INH ON;Financial Services;Real Estate;Germany;XETRA + FRANKFURT 
IT0005239360;CRIN;UNICREDIT;Banks;Credit Banks;Italy;XETRA + FRANKFURT 
DE0005509129;UPR;UNIPROF REAL ESTATE HOLDING O.N.;Financial Services;Real Estate;Germany;FRANKFURT
DE0007551509;UZU;UZIN UTZ AG O.N.;Construction;Building Materials;Germany;XETRA + FRANKFURT 
DE000A1RFHN7;VMR1;VALUE MANAGEMENT&RESEARCH  INH.O.N.;Financial Services;Diversified Financial;Germany;FRANKFURT
DE000A0WMNK9;VAO;VAPIANO SE  INH. O.N.;Consumer;Leasure;Germany;XETRA + FRANKFURT 
DE0006851603;OLG;VERALLIA DEUTSCHLAND AG  O.N.;Consumer;Household Appliances & Housewares;Germany;FRANKFURT
DE000A1E8G88;VG0K;VIVANCO GRUPPE AG;Technology;Electronic Components & Hardware;Germany;FRANKFURT
DE0007016008;MSH;WASGAU PRODUKTIONS & HANDELS NA O.N.;Food & Beverages;Food;Germany;FRANKFURT
DE000A1X3X33;WCMK;WCM BETEILIGUNGS- UND GRUNDBESITZ AG  O.N.;Financial Services;Real Estate;Germany;XETRA + FRANKFURT 
DE0008103102;RKB;WEBAC HOLDING AG;Financial Services;Private Equity & Venture Capital;Germany;FRANKFURT
DE0007775207;WUG;Westag AG;Consumer;Home Construction & Furnishings;Germany;XETRA + FRANKFURT 
DE0007775231;WUG3;Westag AG;Consumer;Home Construction & Furnishings;Germany;XETRA + FRANKFURT 
DE000A2TSU21;WBAH;WILD BUNCH AG O.N.;Media;Movies & Entertainment;Germany;XETRA + FRANKFURT 
DE0007847303;YMO;YMOS AG O.N.;Financial Services;Real Estate;Germany;FRANKFURT
DE000A161N14;RTV;YOUR FAMILY ENTERTAINMENT AG NA;Media;Movies & Entertainment;Germany;FRANKFURT
DE000ZDWT018;ZEF;ZHONGDE WASTE TECHNOLOGY;Industrial;Industrial Products & Services;China;XETRA + FRANKFURT 
DE000A0HL8N9;2GB;2G ENERGY AG;Industrial;Renewable Energies;Germany;XETRA + FRANKFURT 
DE000A3CMGM5;APPH;Apontis Pharma AG;Pharma & Healthcare;Pharmaceuticals;Germany;XETRA + FRANKFURT 
DE0005209589;A6T;ARTEC TECHNOLOGIES O.N.;Software;Software;Germany;XETRA + FRANKFURT 
DE000A2BPP88;BSS;BETA SYSTEMS SOFTWARE INH.O.N.;Software;Software;Germany;FRANKFURT
DE000A0JM2M1;B7E;BLUE CAP             O.N.;Industrial;Industrial, Diversified;Germany;XETRA + FRANKFURT 
DE000A0HHJR3;CLIQ;CLIQ DIGITAL AG  O.N.;Retail;Retail, Internet;Germany;XETRA + FRANKFURT 
DE000A2E4SV8;CYR;CYAN AG O.N.;Software;Software;Germany;XETRA + FRANKFURT 
DE0007830572;4DS;DALDRUP+SOEHNE AG;Industrial;Renewable Energies;Germany;XETRA + FRANKFURT 
DE000A0JC8S7;D6H;DATAGROUP SE  INH. O.N.;Software;IT-Services;Germany;XETRA + FRANKFURT 
DE000A0V9LA7;DAR;DATRON AG INH.O.N.;Industrial;Industrial Machinery;Germany;XETRA + FRANKFURT 
DE000A0MZ4B0;DLX;DELIGNIT AG      INH.O.N.;Industrial;Renewable Energies;Germany;XETRA + FRANKFURT 
DE0005533400;DGR;DEUTSCHE GRUNDSTUECKS AUKTIONEN AG;Financial Services;Real Estate;Germany;XETRA + FRANKFURT 
DE000A0XYG76;DR0;DEUTSCHE ROHSTOFF AG NA O.N.;Basic Resources;Mining;Germany;XETRA + FRANKFURT 
DE0005538607;DIS;DVS TECHNOLOGY AG INH ON;Industrial;Industrial, Diversified;Germany;XETRA + FRANKFURT 
DE0005649503;EDL;EDEL SE+CO.KGAA INH O.N.;Media;Movies & Entertainment;Germany;XETRA + FRANKFURT 
DE0005494165;EQS;EQS GROUP AG NA O.N.;Software;IT-Services;Germany;XETRA + FRANKFURT 
DE000A161077;HXCK;ERNST RUSS AG NA O.N.;Financial Services;Diversified Financial;Germany;XETRA + FRANKFURT 
DE000A0LR9G9;EXL;EXASOL AG  NA O.N.;Software;Software;Germany;XETRA + FRANKFURT 
DE000A2QEFA1;FSNT ;FASHIONETTE AG;Retail;Retail, Internet;Germany;XETRA + FRANKFURT 
DE000A1EWVY8;FYB;FORMYCON AG;Pharma & Healthcare;Biotechnology;Germany;XETRA + FRANKFURT 
DE000A0L1NN5;HPBK;HELIAD EQUITY PARTNERS NA O.N.;Financial Services;Diversified Financial;Germany;XETRA + FRANKFURT 
DE000A0EQ578;H5E;HELMA EIGENHEIMBAU AG;Consumer;Home Construction & Furnishings;Germany;XETRA + FRANKFURT 
DE000A0XYHT5;IBU;IBU-TEC ADVANCED MATERIALS INH.ON;Industrial;Industrial Products & Services;Germany;XETRA + FRANKFURT 
DE000A0B9N37;A8A;JDC GROUP AG O.N.;Financial Services;Diversified Financial;Germany;XETRA + FRANKFURT 
DE000A12UP29;L1OA;LLOYD FONDS AG;Financial Services;Diversified Financial;Germany;XETRA + FRANKFURT 
DE000A0HGQF5;MF6;MAGFORCE AG;Pharma & Healthcare;Medical Technology;Germany;XETRA + FRANKFURT 
MT0000580101;M8G;MEDIA AND GAMES INVEST EO 1;Financial Services;Private Equity & Venture Capital;Malta;XETRA + FRANKFURT
DE0006580806;MUM;MENSCH UND MASCHINE SOFTWARE O.N.;Software;Software;Germany;XETRA + FRANKFURT 
DE000A254W52;M3BK;PYRAMID AG;Financial Services;Private Equity & Venture Capital;Germany;XETRA + FRANKFURT 
DE000A1TNWJ4;MPCK;MPC MUENCHMEYER PETERSEN CAPITAL ;Financial Services;Diversified Financial;Germany;XETRA + FRANKFURT 
DE0006204589;C1V;MVISE AG O.N.;Telecommunication;Telecommunication Services;Germany;XETRA + FRANKFURT 
DE000A0JCY11;M0Y;MYNARIC AG  INH O.N.;Technology;Communication Technology ;Germany;XETRA + FRANKFURT 
DE000A0KPPR7;NTG;NABALTEC AG INH.;Industrial;Industrial Products & Services;Germany;XETRA + FRANKFURT 
DE000A2E4MK4;NUVA;NORATIS AG  INH. O.N.;Financial Services;Real Estate;Germany;XETRA + FRANKFURT 
DE0008435967;NBG6;NUERNBERGER BETEILIGUNGS AG VNA;Insurance;Insurance;Germany;XETRA + FRANKFURT 
DE000A0MSN11;M7U;NYNOMIC AG  INH O.N.;Industrial;Advanced Industrial Equipment;Germany;XETRA + FRANKFURT 
DE0005408686;VVV3;OEKOWORLD AG VZNA O.N.;Financial Services;Diversified Financial;Germany;XETRA + FRANKFURT 
DE000A12UPJ7;PAL;PANTAFLIX AG  INH. O.N.;Media;Movies & Entertainment;Germany;XETRA + FRANKFURT 
DE0006972508;PBY;PUBLITY AG NA O.N.;Financial Services;Real Estate;Germany;XETRA + FRANKFURT 
DE000A1RFMY4;RCMN;RCM BETEILIGUNGS NA. O.N.;Financial Services;Real Estate;Germany;XETRA + FRANKFURT 
DE0006942808;PZS;SCHERZER U. CO. AG O.N.;Financial Services;Private Equity & Venture Capital;Germany;XETRA + FRANKFURT 
DE000A1MMEV4;SGF;SGT GERMAN PRIVATE EQUITY GMBH & CO KGAA;Financial Services;Private Equity & Venture Capital;Germany;XETRA + FRANKFURT 
DE000A161NR7;N4G;THE NAGA GROUP AG NA O.N.;Financial Services;Securities Brokers;Germany;XETRA + FRANKFURT 
DE000A0KEXC7;V3S;VECTRON SYSTEMS      O.N.;Industrial;Advanced Industrial Equipment;Germany;XETRA + FRANKFURT 
DE000A3E5ED2;VEZ;VEGANZ GROUP AG;Food & Beverages;Food;Germany;XETRA + FRANKFURT 
DE000A0M93V6�;BWQ;ADVANCED BLOCKCHAIN AG;Software;Software;Germany;XETRA + FRANKFURT 
DE000A2G8ZX8;PYR;PYRUM INNOVATIONS AG;Industrial;Industrial Products & Services;Germany;FRANKFURT
CH0451123589;81D;BEACONSMIND AG;Software;Software;Switzerland;XETRA + FRANKFURT 
NL0010872388;3SQ1;A.H.T. SYNGAS TECHNOLOGY N.V.;Utilities;Multi-Utilities;Netherlands;FRANKFURT
DE0005214506;ADC;ADCAPITAL AG;Financial Services;Private Equity & Venture Capital;Germany;FRANKFURT
DE0007269003;OEL;ADM HAMBURG AG  O.N.;Food & Beverages;Food;Germany;FRANKFURT
DE000A2E3707;ASKN;ASKNET SOLUTIONS AG;Industrial;Industrial Products & Services;Germany;XETRA + FRANKFURT
NL0006129074;3IT;AUDIUS SE;Software;IT-Services;Netherlands;FRANKFURT
DE0002605557;B8A;BAVARIA INDS GRP O.N.;Industrial;Industrial, Diversified;Germany;XETRA + FRANKFURT
DE0005221303;BFV;BERL.EFFEKTENGES.AG O.N.;Financial Services;Diversified Financial;Germany;FRANKFURT
DE000A3H2135;MA1;Binect AG;Financial Services;Private Equity & Venture Capital;Germany;XETRA + FRANKFURT
DE000A1TNMM9;CTNK;CENTROTHERM INTERNATIONAL AG;Industrial;Renewable Energies;Germany;FRANKFURT
DE0005407407;CEK;CEOTRONICS AG O.N.;Technology;Communications Technology;Germany;FRANKFURT
DE000A1YDAZ7;SD1;CLEAN LOGISTICS SE;Media;Movies & Entertainment;Germany;XETRA + FRANKFURT
